<?xml version="1.0" encoding="UTF-8"?>
<project-private xmlns="http://www.netbeans.org/ns/project-private/1">
    <editor-bookmarks xmlns="http://www.netbeans.org/ns/editor-bookmarks/2" lastBookmarkId="0"/>
    <open-files xmlns="http://www.netbeans.org/ns/projectui-open-files/2">
        <group>
            <file>file:/C:/Users/María%20José/Desktop/EjemplosTema4/ejemplos%20del%20tema/ejemplostema4ruby/lib/CloneCopiaProfunda/direccion.rb</file>
            <file>file:/C:/Users/María%20José/Desktop/EjemplosTema4/ejemplos%20del%20tema/ejemplostema4ruby/lib/CloneCopiaSuperficial/persona.rb</file>
            <file>file:/C:/Users/María%20José/Desktop/EjemplosTema4/ejemplos%20del%20tema/ejemplostema4ruby/lib/CompararObjetosRedefiniendo/PruebaCompararObjetosRedefiniendo.rb</file>
            <file>file:/C:/Users/María%20José/Desktop/EjemplosTema4/ejemplos%20del%20tema/ejemplostema4ruby/lib/CloneCopiaProfunda/persona.rb</file>
            <file>file:/C:/Users/María%20José/Desktop/EjemplosTema4/ejemplos%20del%20tema/ejemplostema4ruby/lib/CloneCopiaSuperficial/direccion.rb</file>
            <file>file:/C:/Users/María%20José/Desktop/EjemplosTema4/ejemplos%20del%20tema/ejemplostema4ruby/lib/CloneCopiaProfunda/PruebaCloneCopiaProfunda.rb</file>
            <file>file:/C:/Users/María%20José/Desktop/EjemplosTema4/ejemplos%20del%20tema/ejemplostema4ruby/lib/RelacionProblemas/problema14.rb</file>
            <file>file:/C:/Users/María%20José/Desktop/EjemplosTema4/ejemplos%20del%20tema/ejemplostema4ruby/lib/CloneCopiaSuperficial/PruebaCloneCopiaSuperficial.rb</file>
            <file>file:/C:/Users/María%20José/Desktop/EjemplosTema4/ejemplos%20del%20tema/ejemplostema4ruby/lib/CompararObjetos/PruebaCompararObjetos.rb</file>
            <file>file:/C:/Users/María%20José/Desktop/EjemplosTema4/ejemplos%20del%20tema/ejemplostema4ruby/lib/Excepciones/PruebaExcepciones.rb</file>
            <file>file:/C:/Users/María%20José/Desktop/EjemplosTema4/ejemplos%20del%20tema/ejemplostema4ruby/lib/Excepciones/direccion.rb</file>
            <file>file:/C:/Users/María%20José/Desktop/EjemplosTema4/ejemplos%20del%20tema/ejemplostema4ruby/lib/CompararObjetosSegundaForma/PruebaCompararObjetos.rb</file>
        </group>
    </open-files>
</project-private>
