<?xml version="1.0" encoding="UTF-8"?>
<project-private xmlns="http://www.netbeans.org/ns/project-private/1">
    <editor-bookmarks xmlns="http://www.netbeans.org/ns/editor-bookmarks/2" lastBookmarkId="0"/>
    <open-files xmlns="http://www.netbeans.org/ns/projectui-open-files/2">
        <group>
            <file>file:/home/aanaya/Dropbox/Compartidos/teoría/Tema%202/Ejercicios%20para%20los%20alumnos/PruebasColeccionesRuby/lib/array_tester.rb</file>
            <file>file:/home/aanaya/Dropbox/Compartidos/teoría/Tema%202/Ejercicios%20para%20los%20alumnos/PruebasColeccionesRuby/lib/main.rb</file>
            <file>file:/home/aanaya/Dropbox/Compartidos/teoría/Tema%202/Ejercicios%20para%20los%20alumnos/PruebasColeccionesRuby/lib/comparador.rb</file>
            <file>file:/home/aanaya/Dropbox/Compartidos/teoría/Tema%202/Ejercicios%20para%20los%20alumnos/PruebasColeccionesRuby/lib/employee.rb</file>
            <file>file:/home/aanaya/Dropbox/Compartidos/teoría/Tema%202/Ejercicios%20para%20los%20alumnos/PruebasColeccionesRuby/lib/bank_account.rb</file>
        </group>
    </open-files>
</project-private>
