<?xml version="1.0" encoding="UTF-8"?>
<project-private xmlns="http://www.netbeans.org/ns/project-private/1">
    <editor-bookmarks xmlns="http://www.netbeans.org/ns/editor-bookmarks/2" lastBookmarkId="0"/>
    <open-files xmlns="http://www.netbeans.org/ns/projectui-open-files/2">
        <group>
            <file>file:/home/ana/Dropbox/Docencia/PDOO/Curso1314/Teoria/Tema2/Ejemplos/PruebaPaquetes/src/X/E.java</file>
            <file>file:/home/ana/Dropbox/Docencia/PDOO/Curso1314/Teoria/Tema2/Ejemplos/PruebaPaquetes/src/X/Z/V/B.java</file>
            <file>file:/home/ana/Dropbox/Docencia/PDOO/Curso1314/Teoria/Tema2/Ejemplos/PruebaPaquetes/src/X/Z/D.java</file>
            <file>file:/home/ana/Dropbox/Docencia/PDOO/Curso1314/Teoria/Tema2/Ejemplos/PruebaPaquetes/src/X/Y/U/A.java</file>
            <file>file:/home/ana/Dropbox/Docencia/PDOO/Curso1314/Teoria/Tema2/Ejemplos/PruebaPaquetes/src/X/Y/C.java</file>
            <file>file:/home/ana/Dropbox/Docencia/PDOO/Curso1314/Teoria/Tema2/Ejemplos/PruebaPaquetes/src/pruebapaquetes/PruebaPaquetes.java</file>
            <file>file:/home/ana/Dropbox/Docencia/PDOO/Curso1314/Teoria/Tema2/Ejemplos/PruebaPaquetes/src/X/Z/V/F.java</file>
        </group>
    </open-files>
</project-private>
