<?xml version="1.0" encoding="UTF-8"?>
<project-private xmlns="http://www.netbeans.org/ns/project-private/1">
    <editor-bookmarks xmlns="http://www.netbeans.org/ns/editor-bookmarks/2" lastBookmarkId="0"/>
    <open-files xmlns="http://www.netbeans.org/ns/projectui-open-files/2">
        <group>
            <file>file:/F:/pdoo/2015-2016/ejemplos%20codigo/EjemplosDelTema2/El_Ciclista/src/el_ciclista/Ciclista.java</file>
            <file>file:/F:/pdoo/2015-2016/ejemplos%20codigo/EjemplosDelTema2/El_Ciclista/src/el_ciclista/PruebaCiclista.java</file>
            <file>file:/F:/pdoo/2015-2016/ejemplos%20codigo/EjemplosDelTema2/El_Ciclista/src/el_ciclista/Bicicleta.java</file>
            <file>file:/F:/pdoo/2015-2016/ejemplos%20codigo/EjemplosDelTema2/El_Ciclista/src/el_ciclista/Club.java</file>
        </group>
    </open-files>
</project-private>
