<?xml version="1.0" encoding="UTF-8"?>
<project-private xmlns="http://www.netbeans.org/ns/project-private/1">
    <editor-bookmarks xmlns="http://www.netbeans.org/ns/editor-bookmarks/2" lastBookmarkId="0"/>
    <open-files xmlns="http://www.netbeans.org/ns/projectui-open-files/2">
        <group>
            <file>file:/home/ana/Dropbox/Docencia/PDOO/Curso1314/Teoria/Tema3/GestionEmpresaRuby/lib/empleado.rb</file>
            <file>file:/home/ana/Dropbox/Docencia/PDOO/Curso1314/Teoria/Tema3/GestionEmpresaRuby/lib/empleado_asalariado.rb</file>
            <file>file:/home/ana/Dropbox/Docencia/PDOO/Curso1314/Teoria/Tema3/GestionEmpresaRuby/lib/director.rb</file>
            <file>file:/home/ana/Dropbox/Docencia/PDOO/Curso1314/Teoria/Tema3/GestionEmpresaRuby/lib/empresa_exception.rb</file>
            <file>file:/home/ana/Dropbox/Docencia/PDOO/Curso1314/Teoria/Tema3/GestionEmpresaRuby/lib/gestionEmpresa.rb</file>
        </group>
    </open-files>
</project-private>
