<?xml version="1.0" encoding="UTF-8"?>
<project-private xmlns="http://www.netbeans.org/ns/project-private/1">
    <editor-bookmarks xmlns="http://www.netbeans.org/ns/editor-bookmarks/2" lastBookmarkId="0"/>
    <open-files xmlns="http://www.netbeans.org/ns/projectui-open-files/2">
        <group>
            <file>file:/home/aanaya/Dropbox/Docencia/PDOO/Curso1415/Ejemplos/basicoRuby1/lib/Persona.rb</file>
            <file>file:/home/aanaya/Dropbox/Docencia/PDOO/Curso1415/Ejemplos/basicoRuby1/lib/Ejemplos_UsoClases.rb</file>
            <file>file:/home/aanaya/Dropbox/Docencia/PDOO/Curso1415/Ejemplos/basicoRuby1/lib/main.rb</file>
            <file>file:/home/aanaya/Dropbox/Docencia/PDOO/Curso1415/Ejemplos/basicoRuby1/lib/Persona2.rb</file>
            <file>file:/home/aanaya/Dropbox/Docencia/PDOO/Curso1415/Ejemplos/basicoRuby1/lib/Ejemplos_Hash_avanzados.rb</file>
        </group>
    </open-files>
</project-private>
