<?xml version="1.0" encoding="UTF-8"?>
<project-private xmlns="http://www.netbeans.org/ns/project-private/1">
    <editor-bookmarks xmlns="http://www.netbeans.org/ns/editor-bookmarks/1"/>
    <editor-bookmarks xmlns="http://www.netbeans.org/ns/editor-bookmarks/2" lastBookmarkId="0"/>
    <open-files xmlns="http://www.netbeans.org/ns/projectui-open-files/2">
        <group>
            <file>file:/home/aanaya/Dropbox/Compartidos/teoría/Tema%202/Ejercicios%20para%20los%20alumnos/PruebasColeccionesJava/PruebasColecciones/src/prueba2/MapTest.java</file>
            <file>file:/home/aanaya/Dropbox/Compartidos/teoría/Tema%202/Ejercicios%20para%20los%20alumnos/PruebasColeccionesJava/PruebasColecciones/src/prueba2/Main.java</file>
            <file>file:/home/aanaya/Dropbox/Compartidos/teoría/Tema%202/Ejercicios%20para%20los%20alumnos/PruebasColeccionesJava/PruebasColecciones/src/prueba2/ShuffleTest.java</file>
            <file>file:/home/aanaya/Dropbox/Compartidos/teoría/Tema%202/Ejercicios%20para%20los%20alumnos/PruebasColeccionesJava/PruebasColecciones/src/prueba2/TreeSetTest.java</file>
            <file>file:/home/aanaya/Dropbox/Compartidos/teoría/Tema%202/Ejercicios%20para%20los%20alumnos/PruebasColeccionesJava/PruebasColecciones/src/prueba2/LinkedListTest.java</file>
            <file>file:/home/aanaya/Dropbox/Compartidos/teoría/Tema%202/Ejercicios%20para%20los%20alumnos/PruebasColeccionesJava/PruebasColecciones/src/prueba2/NoFuncionaExcepcion.java</file>
        </group>
    </open-files>
</project-private>
