<?xml version="1.0" encoding="UTF-8"?>
<project-private xmlns="http://www.netbeans.org/ns/project-private/1">
    <editor-bookmarks xmlns="http://www.netbeans.org/ns/editor-bookmarks/2" lastBookmarkId="0"/>
    <open-files xmlns="http://www.netbeans.org/ns/projectui-open-files/2">
        <group>
            <file>file:/home/ana/Dropbox/Docencia/PDOO/Curso1415/Ejemplos/basicoRuby0/Basico0/lib/main.rb</file>
            <file>file:/home/ana/Dropbox/Docencia/PDOO/Curso1415/Ejemplos/basicoRuby0/Basico0/lib/Ejemplos_Control.rb</file>
            <file>file:/home/ana/Dropbox/Docencia/PDOO/Curso1415/Ejemplos/basicoRuby0/Basico0/lib/Ejemplos_Array.rb</file>
            <file>file:/home/ana/Dropbox/Docencia/PDOO/Curso1415/Ejemplos/basicoRuby0/Basico0/lib/Ejemplos_Hash.rb</file>
            <file>file:/home/ana/Dropbox/Docencia/PDOO/Curso1415/Ejemplos/basicoRuby0/Basico0/lib/Ejemplos_Iniciales.rb</file>
        </group>
    </open-files>
</project-private>
