<?xml version="1.0" encoding="UTF-8"?>
<project-private xmlns="http://www.netbeans.org/ns/project-private/1">
    <editor-bookmarks xmlns="http://www.netbeans.org/ns/editor-bookmarks/2" lastBookmarkId="0"/>
    <open-files xmlns="http://www.netbeans.org/ns/projectui-open-files/2">
        <group>
            <file>file:/C:/Users/María%20José/Desktop/EjemplosTema4/ejemplos%20del%20tema/ejemplostema4java/src/Excepciones/Direccion.java</file>
            <file>file:/C:/Users/María%20José/Desktop/EjemplosTema4/ejemplos%20del%20tema/ejemplostema4java/src/CloneCopiaSuperficial/Persona.java</file>
            <file>file:/C:/Users/María%20José/Desktop/EjemplosTema4/ejemplos%20del%20tema/ejemplostema4java/src/CloneCopiaSuperficial/Direccion.java</file>
            <file>file:/C:/Users/María%20José/Desktop/EjemplosTema4/ejemplos%20del%20tema/ejemplostema4java/src/CloneCopiaProfunda/Persona.java</file>
            <file>file:/C:/Users/María%20José/Desktop/EjemplosTema4/ejemplos%20del%20tema/ejemplostema4java/src/Excepciones/DireccionException.java</file>
            <file>file:/C:/Users/María%20José/Desktop/EjemplosTema4/ejemplos%20del%20tema/ejemplostema4java/src/CloneCopiaProfunda/Direccion.java</file>
            <file>file:/C:/Users/María%20José/Desktop/EjemplosTema4/ejemplos%20del%20tema/ejemplostema4java/src/CompararObjetos/Persona.java</file>
            <file>file:/C:/Users/María%20José/Desktop/EjemplosTema4/ejemplos%20del%20tema/ejemplostema4java/src/Excepciones/PruebaExcepciones1.java</file>
            <file>file:/C:/Users/María%20José/Desktop/EjemplosTema4/ejemplos%20del%20tema/ejemplostema4java/src/CloneCopiaSuperficial/PruebasCloneSuperficial.java</file>
            <file>file:/C:/Users/María%20José/Desktop/EjemplosTema4/ejemplos%20del%20tema/ejemplostema4java/src/CloneCopiaProfunda/PruebaCloneProfundo.java</file>
            <file>file:/C:/Users/María%20José/Desktop/EjemplosTema4/ejemplos%20del%20tema/ejemplostema4java/src/CompararObjetos/PruebasCompararObjetos.java</file>
            <file>file:/C:/Users/María%20José/Desktop/EjemplosTema4/ejemplos%20del%20tema/ejemplostema4java/src/ConstructorCopiaSuperficial/PruebaConstructorCopiaSuperficial.java</file>
            <file>file:/C:/Users/María%20José/Desktop/EjemplosTema4/ejemplos%20del%20tema/ejemplostema4java/src/ConstructorCopiaProfunda/PruebaConstructorCopiaProfundo.java</file>
            <file>file:/C:/Users/María%20José/Desktop/EjemplosTema4/ejemplos%20del%20tema/ejemplostema4java/src/CompararObjetos/Direccion.java</file>
        </group>
    </open-files>
</project-private>
